,Month,crecimiento
0,1.0,5.189999999999998
1,2.0,4.710000000000008
2,3.0,4.22999999999999
3,4.0,3.759999999999991
4,5.0,3.280000000000001
5,6.0,2.8100000000000023
6,7.0,2.3400000000000034
7,8.0,1.8700000000000045
8,9.0,1.4000000000000057
9,10.0,0.9300000000000068
10,11.0,0.46000000000000796
11,12.0,0.0
